{
  "": {
    "swift-dependencies": "/Users/TsuiYuenHong/Desktop/swift_mysql/swift_mysql/.build/debug/TypeSafeRouting.build/master.swiftdeps"
  },
  "/Users/TsuiYuenHong/Desktop/swift_mysql/swift_mysql/Packages/Routing-1.0.1/Sources/TypeSafeRouting/Generated.swift": {
    "dependencies": "/Users/TsuiYuenHong/Desktop/swift_mysql/swift_mysql/.build/debug/TypeSafeRouting.build/Generated.d",
    "object": "/Users/TsuiYuenHong/Desktop/swift_mysql/swift_mysql/.build/debug/TypeSafeRouting.build/Generated.swift.o",
    "swiftmodule": "/Users/TsuiYuenHong/Desktop/swift_mysql/swift_mysql/.build/debug/TypeSafeRouting.build/Generated~partial.swiftmodule",
    "swift-dependencies": "/Users/TsuiYuenHong/Desktop/swift_mysql/swift_mysql/.build/debug/TypeSafeRouting.build/Generated.swiftdeps"
  },
  "/Users/TsuiYuenHong/Desktop/swift_mysql/swift_mysql/Packages/Routing-1.0.1/Sources/TypeSafeRouting/StringInitializable.swift": {
    "dependencies": "/Users/TsuiYuenHong/Desktop/swift_mysql/swift_mysql/.build/debug/TypeSafeRouting.build/StringInitializable.d",
    "object": "/Users/TsuiYuenHong/Desktop/swift_mysql/swift_mysql/.build/debug/TypeSafeRouting.build/StringInitializable.swift.o",
    "swiftmodule": "/Users/TsuiYuenHong/Desktop/swift_mysql/swift_mysql/.build/debug/TypeSafeRouting.build/StringInitializable~partial.swiftmodule",
    "swift-dependencies": "/Users/TsuiYuenHong/Desktop/swift_mysql/swift_mysql/.build/debug/TypeSafeRouting.build/StringInitializable.swiftdeps"
  },
  "/Users/TsuiYuenHong/Desktop/swift_mysql/swift_mysql/Packages/Routing-1.0.1/Sources/TypeSafeRouting/TypeSafeRoutingError.swift": {
    "dependencies": "/Users/TsuiYuenHong/Desktop/swift_mysql/swift_mysql/.build/debug/TypeSafeRouting.build/TypeSafeRoutingError.d",
    "object": "/Users/TsuiYuenHong/Desktop/swift_mysql/swift_mysql/.build/debug/TypeSafeRouting.build/TypeSafeRoutingError.swift.o",
    "swiftmodule": "/Users/TsuiYuenHong/Desktop/swift_mysql/swift_mysql/.build/debug/TypeSafeRouting.build/TypeSafeRoutingError~partial.swiftmodule",
    "swift-dependencies": "/Users/TsuiYuenHong/Desktop/swift_mysql/swift_mysql/.build/debug/TypeSafeRouting.build/TypeSafeRoutingError.swiftdeps"
  }
}
