{
  "": {
    "swift-dependencies": "/Users/TsuiYuenHong/Desktop/swift_mysql/swift_mysql/.build/debug/Transport.build/master.swiftdeps"
  },
  "/Users/TsuiYuenHong/Desktop/swift_mysql/swift_mysql/Packages/Engine-1.1.0/Sources/Transport/Streams/FoundationStream.swift": {
    "dependencies": "/Users/TsuiYuenHong/Desktop/swift_mysql/swift_mysql/.build/debug/Transport.build/FoundationStream.d",
    "object": "/Users/TsuiYuenHong/Desktop/swift_mysql/swift_mysql/.build/debug/Transport.build/Streams/FoundationStream.swift.o",
    "swiftmodule": "/Users/TsuiYuenHong/Desktop/swift_mysql/swift_mysql/.build/debug/Transport.build/FoundationStream~partial.swiftmodule",
    "swift-dependencies": "/Users/TsuiYuenHong/Desktop/swift_mysql/swift_mysql/.build/debug/Transport.build/FoundationStream.swiftdeps"
  },
  "/Users/TsuiYuenHong/Desktop/swift_mysql/swift_mysql/Packages/Engine-1.1.0/Sources/Transport/Streams/Socks+Stream.swift": {
    "dependencies": "/Users/TsuiYuenHong/Desktop/swift_mysql/swift_mysql/.build/debug/Transport.build/Socks+Stream.d",
    "object": "/Users/TsuiYuenHong/Desktop/swift_mysql/swift_mysql/.build/debug/Transport.build/Streams/Socks+Stream.swift.o",
    "swiftmodule": "/Users/TsuiYuenHong/Desktop/swift_mysql/swift_mysql/.build/debug/Transport.build/Socks+Stream~partial.swiftmodule",
    "swift-dependencies": "/Users/TsuiYuenHong/Desktop/swift_mysql/swift_mysql/.build/debug/Transport.build/Socks+Stream.swiftdeps"
  },
  "/Users/TsuiYuenHong/Desktop/swift_mysql/swift_mysql/Packages/Engine-1.1.0/Sources/Transport/Streams/Stream.swift": {
    "dependencies": "/Users/TsuiYuenHong/Desktop/swift_mysql/swift_mysql/.build/debug/Transport.build/Stream.d",
    "object": "/Users/TsuiYuenHong/Desktop/swift_mysql/swift_mysql/.build/debug/Transport.build/Streams/Stream.swift.o",
    "swiftmodule": "/Users/TsuiYuenHong/Desktop/swift_mysql/swift_mysql/.build/debug/Transport.build/Stream~partial.swiftmodule",
    "swift-dependencies": "/Users/TsuiYuenHong/Desktop/swift_mysql/swift_mysql/.build/debug/Transport.build/Stream.swiftdeps"
  },
  "/Users/TsuiYuenHong/Desktop/swift_mysql/swift_mysql/Packages/Engine-1.1.0/Sources/Transport/Streams/StreamBuffer.swift": {
    "dependencies": "/Users/TsuiYuenHong/Desktop/swift_mysql/swift_mysql/.build/debug/Transport.build/StreamBuffer.d",
    "object": "/Users/TsuiYuenHong/Desktop/swift_mysql/swift_mysql/.build/debug/Transport.build/Streams/StreamBuffer.swift.o",
    "swiftmodule": "/Users/TsuiYuenHong/Desktop/swift_mysql/swift_mysql/.build/debug/Transport.build/StreamBuffer~partial.swiftmodule",
    "swift-dependencies": "/Users/TsuiYuenHong/Desktop/swift_mysql/swift_mysql/.build/debug/Transport.build/StreamBuffer.swiftdeps"
  },
  "/Users/TsuiYuenHong/Desktop/swift_mysql/swift_mysql/Packages/Engine-1.1.0/Sources/Transport/TransferProtocols/TransferProtocols.swift": {
    "dependencies": "/Users/TsuiYuenHong/Desktop/swift_mysql/swift_mysql/.build/debug/Transport.build/TransferProtocols.d",
    "object": "/Users/TsuiYuenHong/Desktop/swift_mysql/swift_mysql/.build/debug/Transport.build/TransferProtocols/TransferProtocols.swift.o",
    "swiftmodule": "/Users/TsuiYuenHong/Desktop/swift_mysql/swift_mysql/.build/debug/Transport.build/TransferProtocols~partial.swiftmodule",
    "swift-dependencies": "/Users/TsuiYuenHong/Desktop/swift_mysql/swift_mysql/.build/debug/Transport.build/TransferProtocols.swiftdeps"
  },
  "/Users/TsuiYuenHong/Desktop/swift_mysql/swift_mysql/Packages/Engine-1.1.0/Sources/Transport/Streams/ProgramStream/ClientStream.swift": {
    "dependencies": "/Users/TsuiYuenHong/Desktop/swift_mysql/swift_mysql/.build/debug/Transport.build/ClientStream.d",
    "object": "/Users/TsuiYuenHong/Desktop/swift_mysql/swift_mysql/.build/debug/Transport.build/Streams/ProgramStream/ClientStream.swift.o",
    "swiftmodule": "/Users/TsuiYuenHong/Desktop/swift_mysql/swift_mysql/.build/debug/Transport.build/ClientStream~partial.swiftmodule",
    "swift-dependencies": "/Users/TsuiYuenHong/Desktop/swift_mysql/swift_mysql/.build/debug/Transport.build/ClientStream.swiftdeps"
  },
  "/Users/TsuiYuenHong/Desktop/swift_mysql/swift_mysql/Packages/Engine-1.1.0/Sources/Transport/Streams/ProgramStream/ProgramStream.swift": {
    "dependencies": "/Users/TsuiYuenHong/Desktop/swift_mysql/swift_mysql/.build/debug/Transport.build/ProgramStream.d",
    "object": "/Users/TsuiYuenHong/Desktop/swift_mysql/swift_mysql/.build/debug/Transport.build/Streams/ProgramStream/ProgramStream.swift.o",
    "swiftmodule": "/Users/TsuiYuenHong/Desktop/swift_mysql/swift_mysql/.build/debug/Transport.build/ProgramStream~partial.swiftmodule",
    "swift-dependencies": "/Users/TsuiYuenHong/Desktop/swift_mysql/swift_mysql/.build/debug/Transport.build/ProgramStream.swiftdeps"
  },
  "/Users/TsuiYuenHong/Desktop/swift_mysql/swift_mysql/Packages/Engine-1.1.0/Sources/Transport/Streams/ProgramStream/ServerStream.swift": {
    "dependencies": "/Users/TsuiYuenHong/Desktop/swift_mysql/swift_mysql/.build/debug/Transport.build/ServerStream.d",
    "object": "/Users/TsuiYuenHong/Desktop/swift_mysql/swift_mysql/.build/debug/Transport.build/Streams/ProgramStream/ServerStream.swift.o",
    "swiftmodule": "/Users/TsuiYuenHong/Desktop/swift_mysql/swift_mysql/.build/debug/Transport.build/ServerStream~partial.swiftmodule",
    "swift-dependencies": "/Users/TsuiYuenHong/Desktop/swift_mysql/swift_mysql/.build/debug/Transport.build/ServerStream.swiftdeps"
  }
}
